Workbook

Sheet Project Data
A1: Project ID | B1: Project Name | C1: Owner | D1: Department | E1: Start Date | F1: End Date | G1: Status | H1: % Complete | I1: Budget (₹L) | J1: Spent (₹L) | K1: Priority | L1: Notes
A2: P001 | B2: Student Portal Upgrade | C2: Ravi Kumar | D2: IT | E2: 46037 | F2: 46203 | G2: Completed | H2: 1 | I2: 12.5 | J2: 12.1 | K2: High | L2: Deployed to production
A3: P002 | B3: JEE Mock Test Platform | C3: Priya Singh | D3: Academics | E3: 46054 | F3: 46265 | G3: In Progress | H3: 0.65 | I3: 8 | J3: 5.2 | K3: High | L3: UI review pending
A4: P003 | B4: NEET Study Material Refresh | C4: Amit Verma | D4: Content | E4: 46091 | F4: 46218 | G4: In Progress | H4: 0.4 | I4: 5.5 | J4: 2.2 | K4: Medium | L4: Writer assigned
A5: P004 | B5: RRB Data Analytics Dashboard | C5: Sunita Rao | D5: IT | E5: 46027 | F5: 46173 | G5: At Risk | H5: 0.55 | I5: 6 | J5: 4.8 | K5: High | L5: Delay in API integration
A6: P005 | B6: SSC CGL Batch Planning | C6: Deepak Joshi | D6: Operations | E6: 46113 | F6: 46295 | G6: Not Started | H6: 0 | I6: 3 | J6: 0 | K6: Low | L6: Awaiting approvals
A7: P006 | B7: CUET Coaching Expansion | C7: Neha Gupta | D7: Academics | E7: 46073 | F7: 46326 | G7: In Progress | H7: 0.3 | I7: 15 | J7: 4.5 | K7: High | L7: 3 new centres onboarded
A8: P007 | B8: ERP Integration | C8: Vikram Nair | D8: IT | E8: 45962 | F8: 46142 | G8: On Hold | H8: 0.7 | I8: 20 | J8: 14 | K8: Medium | L8: Vendor issue
A9: P008 | B9: SATHEE Baseline Assessment | C9: Anjali Mehta | D9: Academics | E9: 46082 | F9: 46188 | G9: Completed | H9: 1 | I9: 4 | J9: 3.9 | K9: High | L9: All 1200 students assessed
A10: P009 | B10: Faculty Training Programme | C10: Rahul Das | D10: HR | E10: 46143 | F10: 46234 | G10: In Progress | H10: 0.2 | I10: 2.5 | J10: 0.5 | K10: Medium | L10: Module 1 done
A11: P010 | B11: Mobile App Development | C11: Kavita Sharma | D11: IT | E11: 46127 | F11: 46387 | G11: Not Started | H11: 0 | I11: 18 | J11: 0 | K11: High | L11: RFP issued

Sheet Summary
A1: Status | B1: Count | D1: Department | E1: Budget (₹L) | F1: Spent (₹L)
A2: Completed | B2: =COUNTIF('Project Data'!G:G,A2) -> 2 | D2: IT | E2: =SUMIF('Project Data'!D:D,D2,'Project Data'!I:I) -> 56.5 | F2: =SUMIF('Project Data'!D:D,D2,'Project Data'!J:J) -> 30.9
A3: In Progress | B3: =COUNTIF('Project Data'!G:G,A3) -> 4 | D3: Academics | E3: =SUMIF('Project Data'!D:D,D3,'Project Data'!I:I) -> 27 | F3: =SUMIF('Project Data'!D:D,D3,'Project Data'!J:J) -> 13.6
A4: On Hold | B4: =COUNTIF('Project Data'!G:G,A4) -> 1 | D4: Content | E4: =SUMIF('Project Data'!D:D,D4,'Project Data'!I:I) -> 5.5 | F4: =SUMIF('Project Data'!D:D,D4,'Project Data'!J:J) -> 2.2
A5: At Risk | B5: =COUNTIF('Project Data'!G:G,A5) -> 1 | D5: Operations | E5: =SUMIF('Project Data'!D:D,D5,'Project Data'!I:I) -> 3 | F5: =SUMIF('Project Data'!D:D,D5,'Project Data'!J:J) -> 0
A6: Not Started | B6: =COUNTIF('Project Data'!G:G,A6) -> 2 | D6: HR | E6: =SUMIF('Project Data'!D:D,D6,'Project Data'!I:I) -> 2.5 | F6: =SUMIF('Project Data'!D:D,D6,'Project Data'!J:J) -> 0.5

Sheet Dashboard
A1: 📊 PROJECT STATUS DASHBOARD
A2: Generated: 25 June 2026 | Total Projects: 10
A4: Total Projects | C4: Completed | E4: In Progress | G4: At Risk | I4: On Hold | K4: Not Started
A5: =COUNTA('Project Data'!A2:A1000) -> 10 | C5: =Summary!B2 -> 2 | E5: =Summary!B3 -> 4 | G5: =Summary!B5 -> 1 | I5: =Summary!B4 -> 1 | K5: =Summary!B6 -> 2
A8: ID | B8: Project Name | C8: Owner | D8: Status | E8: Priority | F8: %Done | G8: Budget | H8: Spent | I8: Variance
A9: ='Project Data'!A2 -> P001 | B9: ='Project Data'!B2 -> Student Portal Upgrade | C9: ='Project Data'!C2 -> Ravi Kumar | D9: ='Project Data'!G2 -> Completed | E9: ='Project Data'!K2 -> High | F9: ='Project Data'!H2 -> 1 | G9: ='Project Data'!I2 -> 12.5 | H9: ='Project Data'!J2 -> 12.1 | I9: ='Project Data'!I2-'Project Data'!J2 -> 0.4
A10: ='Project Data'!A3 -> P002 | B10: ='Project Data'!B3 -> JEE Mock Test Platform | C10: ='Project Data'!C3 -> Priya Singh | D10: ='Project Data'!G3 -> In Progress | E10: ='Project Data'!K3 -> High | F10: ='Project Data'!H3 -> 0.65 | G10: ='Project Data'!I3 -> 8 | H10: ='Project Data'!J3 -> 5.2 | I10: ='Project Data'!I3-'Project Data'!J3 -> 2.8
A11: ='Project Data'!A4 -> P003 | B11: ='Project Data'!B4 -> NEET Study Material Refresh | C11: ='Project Data'!C4 -> Amit Verma | D11: ='Project Data'!G4 -> In Progress | E11: ='Project Data'!K4 -> Medium | F11: ='Project Data'!H4 -> 0.4 | G11: ='Project Data'!I4 -> 5.5 | H11: ='Project Data'!J4 -> 2.2 | I11: ='Project Data'!I4-'Project Data'!J4 -> 3.3
A12: ='Project Data'!A5 -> P004 | B12: ='Project Data'!B5 -> RRB Data Analytics Dashboard | C12: ='Project Data'!C5 -> Sunita Rao | D12: ='Project Data'!G5 -> At Risk | E12: ='Project Data'!K5 -> High | F12: ='Project Data'!H5 -> 0.55 | G12: ='Project Data'!I5 -> 6 | H12: ='Project Data'!J5 -> 4.8 | I12: ='Project Data'!I5-'Project Data'!J5 -> 1.2
A13: ='Project Data'!A6 -> P005 | B13: ='Project Data'!B6 -> SSC CGL Batch Planning | C13: ='Project Data'!C6 -> Deepak Joshi | D13: ='Project Data'!G6 -> Not Started | E13: ='Project Data'!K6 -> Low | F13: ='Project Data'!H6 -> 0 | G13: ='Project Data'!I6 -> 3 | H13: ='Project Data'!J6 -> 0 | I13: ='Project Data'!I6-'Project Data'!J6 -> 3
A14: ='Project Data'!A7 -> P006 | B14: ='Project Data'!B7 -> CUET Coaching Expansion | C14: ='Project Data'!C7 -> Neha Gupta | D14: ='Project Data'!G7 -> In Progress | E14: ='Project Data'!K7 -> High | F14: ='Project Data'!H7 -> 0.3 | G14: ='Project Data'!I7 -> 15 | H14: ='Project Data'!J7 -> 4.5 | I14: ='Project Data'!I7-'Project Data'!J7 -> 10.5
A15: ='Project Data'!A8 -> P007 | B15: ='Project Data'!B8 -> ERP Integration | C15: ='Project Data'!C8 -> Vikram Nair | D15: ='Project Data'!G8 -> On Hold | E15: ='Project Data'!K8 -> Medium | F15: ='Project Data'!H8 -> 0.7 | G15: ='Project Data'!I8 -> 20 | H15: ='Project Data'!J8 -> 14 | I15: ='Project Data'!I8-'Project Data'!J8 -> 6
A16: ='Project Data'!A9 -> P008 | B16: ='Project Data'!B9 -> SATHEE Baseline Assessment | C16: ='Project Data'!C9 -> Anjali Mehta | D16: ='Project Data'!G9 -> Completed | E16: ='Project Data'!K9 -> High | F16: ='Project Data'!H9 -> 1 | G16: ='Project Data'!I9 -> 4 | H16: ='Project Data'!J9 -> 3.9 | I16: ='Project Data'!I9-'Project Data'!J9 -> 0.1
A17: ='Project Data'!A10 -> P009 | B17: ='Project Data'!B10 -> Faculty Training Programme | C17: ='Project Data'!C10 -> Rahul Das | D17: ='Project Data'!G10 -> In Progress | E17: ='Project Data'!K10 -> Medium | F17: ='Project Data'!H10 -> 0.2 | G17: ='Project Data'!I10 -> 2.5 | H17: ='Project Data'!J10 -> 0.5 | I17: ='Project Data'!I10-'Project Data'!J10 -> 2
A18: ='Project Data'!A11 -> P010 | B18: ='Project Data'!B11 -> Mobile App Development | C18: ='Project Data'!C11 -> Kavita Sharma | D18: ='Project Data'!G11 -> Not Started | E18: ='Project Data'!K11 -> High | F18: ='Project Data'!H11 -> 0 | G18: ='Project Data'!I11 -> 18 | H18: ='Project Data'!J11 -> 0 | I18: ='Project Data'!I11-'Project Data'!J11 -> 18
